jcat,satcat,launch_tag,piece,name,pl_name,launch_date,year,doy,day_since_epoch,state,owner,manufacturer,bus,motor,prop_type,mass_kg,mass_flag,dry_mass_kg,dry_flag,tot_mass_kg,tot_flag,prop_mass_kg,prop_mass_frac,mass_is_estimate,op_orbit,status,length_m,diameter_m,span_m,shape,launch_orbit_class,lv_type,lv_country,launch_site,launch_agency,note
S44034,44034,2019-007,2019-007A,SGS-1,Hellas Sat 4,2019-02-05,2019,36,35,GR,HELSAR/KACST,LMSS,A2100TR,BT-4?,CHEM,6495,,3000,?,6495,,3495,0.538,1,MEO,O,8.0,4.3,30.0,Box + 2 pan,GTO,Ariane 5ECA,EU,CSG,AE,
S44035,44035,2019-007,2019-007B,GSAT-31,GSAT-31,2019-02-05,2019,36,35,IN,ISRO,ISAC,I2K,ISRO LAM,CHEM,2536,,1500,?,2536,,1036,0.409,1,GEO/S,O,3.0,2.0,10.0,Box + 2 pan,GTO,Ariane 5ECA,EU,CSG,AE,
S44048,44048,2019-009,2019-009A,Nusantara Satu,PSN 6,2019-02-22,2019,53,52,ID,PSN,SSLMAX,LS-1300,R-4D,CHEM,4736,,2500,?,4736,,2236,0.472,1,VHEO,O,8.9,6.9,26.1,Box + 2 panels,STO,Falcon 9,US,CC,SPX,
S44065,44065,2019-009,2019-009D,S5,S5,2019-02-22,2019,53,52,US,AFRL,BLCAN,Podsat,-,UNK,61,,55,?,61,,6,0.098,1,GEO/D,O,0.5,0.5,0.5,Box+cyl+panel,STO,Falcon 9,US,CC,SPX,
S44071,44071,2019-014,2019-014A,WGS SV-10,Wideband Global Satcom 10,2019-03-16,2019,75,74,US,AFSMC,BOES,BSS-702HP,R-4D-15-375,CHEM,6000,?,3400,?,6000,,2600,0.433,1,GEO/NS,O,6.0,3.0,40.9,Box + 2 pan,GTO,"Delta 4M+(5,4)",US,CC,ULAB,
S44186,44186,2019-021,2019-021A,Arabsat 6A,Arabsat 6A,2019-04-11,2019,101,100,I-ARAB,ARAB,LMCSS,A2100,BT-4?,CHEM,6465,,3520,,6465,,2945,0.456,0,VHEO,O,3.9,2.4,30.8,Box + 2 panels,STO,Falcon Heavy,US,KSC,SPX,
S44333,44333,2019-034,2019-034A,T16,T-16,2019-06-20,2019,171,170,US,DTVA,ADST,Eurostar 3000LXH,R-4D?,CHEM,6330,,3000,?,6330,,3330,0.526,1,GEO/D,O,3.9,2.4,30.8,Box + 2 panels,GTO,Ariane 5ECA,EU,CSG,AE,
S44334,44334,2019-034,2019-034B,EUTELSAT 7C,EUTELSAT 7C,2019-06-20,2019,171,170,F,EUTSA,MAXSS,LS-1300,R-4D,CHEM,3400,,2200,?,3400,,1200,0.353,1,HEO,O,8.0,6.5,26.1,Box + 2 panels,GTO,Ariane 5ECA,EU,CSG,AE,
S44475,44475,2019-049,2019-049A,EDRS C,EDRS C,2019-08-06,2019,218,217,I-ESA,ESA,OHB,SmallGEO,S400,CHEM,3186,,1700,?,3186,,1486,0.466,1,GEO/S,O,3.0,2.5,20.8,Box+2 pan,GTO,Ariane 5ECA+,EU,CSG,AE,
S44476,44476,2019-049,2019-049B,Intelsat IS-39,Intelsat IS-39,2019-08-06,2019,218,217,US,INTELU,MAXSS,LS-1300,R-4D,CHEM,6600,,3000,?,6600,,3600,0.545,1,GEO/S,O,8.0,6.0,26.1,Box + 2 panels,GTO,Ariane 5ECA+,EU,CSG,AE,
S44479,44479,2019-050,2019-050A,Amos 17,Amos 17,2019-08-06,2019,218,217,IL,IAIS,BOES,BSS-702MP,R-4D?,CHEM,5500,,2500,?,5500,,3000,0.545,1,GEO/S,O,7.0,3.3,35.0,Box+2 pan,GTO,Falcon 9,US,CC,SPX,
S44481,44481,2019-051,2019-051A,AEHF SV-5,AEHF SV-5,2019-08-08,2019,220,219,US,AFMCSW,LMSS,A2100M,BT-4/AJ-EP?,CHEM+ELEC,6200,,4000,?,6200,,2200,0.355,1,MEO,O,9.8,2.0,27.0,Box + 2 pan,GTO,Atlas V 551,US,CC,ULAL,
S44800,44800,2019-080,2019-080A,Tiba 1,TIBA 1,2019-11-26,2019,330,329,EG,EGYSA,ADST,Eurostar 3000,R-4D?,CHEM,5600,,3000,?,5600,,2600,0.464,1,GEO/S,O,5.0,2.4,30.8,Box + 2 panels,GTO,Ariane 5ECA,EU,CSG,AE,
S44801,44801,2019-080,2019-080B,Inmarsat GX5,Inmarsat GX5,2019-11-26,2019,330,329,UK,INMRL,THALES,Spacebus 4000B2,S400,CHEM,4007,,2200,?,4007,?,1807,0.451,1,GEO/S,O,5.0,2.5,38.0,Box + 2 Pan,GTO,Ariane 5ECA,EU,CSG,AE,
S44868,44868,2019-091,2019-091A,JCSAT 18/Kacific 1,JCSAT 18,2019-12-17,2019,351,350,J,SKPJ/KACBS,BOES,BSS-702MP,R-4D?,CHEM,6800,,3500,?,6800,,3300,0.485,1,GEO/S,O,7.0,3.3,35.0,Box+2 pan,GTO,Falcon 9,US,CC,SPX,
S45026,45026,2020-005,2020-005A,GSAT-30,GSAT-30,2020-01-16,2020,16,380,IN,ISRO,ISAC,I3K,ISRO LAM,CHEM,3357,,1900,?,3357,,1457,0.434,1,GEO/S,O,4.0,2.5,25.0,Box + 2 Pan,GTO,Ariane 5ECA+,EU,CSG,AE,
S45027,45027,2020-005,2020-005B,Eutelsat Konnect,Eutelsat Konnect,2020-01-16,2020,16,380,F,EUTSA,THALES,Spacebus NEO100,XPS/PPS-5000,ELEC,3619,,2000,?,3619,,1619,0.447,1,HEO,O,5.0,2.5,30.0,Box + 2 Pan,GTO,Ariane 5ECA+,EU,CSG,AE,
S45245,45245,2020-013,2020-013A,JCSAT 17,JCSAT 17,2020-02-18,2020,49,413,J,SKPJ,LMCSS,A2100,Leros-1C,CHEM,5857,,3000,?,5857,,2857,0.488,1,GEO/I,O,5.0,2.5,25.0,Box + 2 pan+ dish,GTO,Ariane 5ECA+,EU,CSG,AE,
S45246,45246,2020-013,2020-013B,Cheollian 2B,GEO-Kompsat 2B,2020-02-18,2020,49,413,KR,KARI,KARI,GK2,S400?,CHEM,3379,,2500,?,3379,,879,0.260,1,GEO/S,O,3.8,2.4,8.9,Box + panel,GTO,Ariane 5ECA+,EU,CSG,AE,
S45465,45465,2020-022,2020-022B,AEHF SV-6,AEHF SV-6,2020-03-26,2020,86,450,US,AFMCSW,LMSS,A2100M,BT-4/AJ-EP?,CHEM+ELEC,6200,,4000,?,6200,,2200,0.355,1,MEO,O,9.8,2.0,27.0,Box + 2 pan,GTO,Atlas V 551,US,CC,ULAL,
S45920,45920,2020-048,2020-048A,ANASIS-II,Koreasat 116,2020-07-20,2020,202,566,KR,ADD/DAPA,ADST,Eurostar 3000,R-4D?,CHEM,5600,?,3000,?,5600,?,2600,0.464,1,GEO/S,O,5.0,2.4,30.8,Box + 2 panels,STO,Falcon 9,US,CC,SPX,
S46112,46112,2020-056,2020-056A,BSAT-4b,BSAT-4b,2020-08-15,2020,228,592,J,BSAT,MAXSS,LS-1300-140,R-4D,CHEM,3530,,1800,?,3530,,1730,0.490,1,GEO/S,O,5.1,2.7,24.7,Box + 2 panels,GTO,Ariane 5ECA+,EU,CSG,AE,
S46113,46113,2020-056,2020-056B,MEV-2,MEV-2,2020-08-15,2020,228,592,US,SPLOG,NGISD,Geostar-3,IHI BT-4?,CHEM,2326,,2000,?,2326,,326,0.140,1,GEO/D,DK,5.0,2.5,25.0,Box + 2 pan,GTO,Ariane 5ECA+,EU,CSG,AE,MEV-2: Intelsat 10-02 에 도킹
S46114,46114,2020-056,2020-056C,Galaxy 30,Galaxy 30,2020-08-15,2020,228,592,US,INTELU,NGISD,Geostar-2.4E,BT-4?,CHEM,3298,,2500,?,3298,,798,0.242,1,GEO/S,O,5.0,2.5,23.0,Box + 2 pan,GTO,Ariane 5ECA+,EU,CSG,AE,
S47202,47202,2020-089,2020-089A,Deta chukei eisei 1-goki,Hikari deta chukei eisei,2020-11-29,2020,334,698,J,CSICE,MELCO,DS-2000,BT-4 LAPS,CHEM,3800,?,1300,,3800,?,2500,0.658,1,GEO/S,O,2.2,2.4,17.0,Box + 2 Pan,GTO,H-IIA 202,JP,TNSC,MHI,
S47237,47237,2020-095,2020-095A,USA 311,ORION 10?,2020-12-11,2020,346,710,US,NROC,UNKUS,Adv ORION,UNK,UNK,5000,?,5000,?,5000,?,0,0.000,1,GEO/I,O,5.0,2.5,20.0,Box + 2 Pan + Dish,GEO,Delta 4H,US,CC,ULAB,
S47240,47240,2020-096,2020-096A,SXM-7,SXM-7,2020-12-13,2020,348,712,US,SIRX,MAXSS,LS-1300,R-4D,CHEM,7000,?,2884,?,7000,?,4116,0.588,1,GEO/S,O,5.2,5.6,30.0,Box+2 panels,GTO,Falcon 9,US,CC,SPX,
S47256,47256,2020-099,2020-099A,CMS 1,GSAT-12R,2020-12-17,2020,352,716,IN,ISRO,ISAC,I1K,ISRO LAM,CHEM,1410,,559,,1410,,851,0.604,0,GEO/S,O,1.5,1.5,10.0,Box + 2 Pan,GTO,PSLV-XL,IN,SHAR,ISRO,
S47306,47306,2021-001,2021-001A,Turksat 5A,Turksat 5A,2021-01-08,2021,8,738,TR,TURKS,ADSB,Eurostar 3000EOR,EOR,ELEC,3500,,2000,?,3500,,1500,0.429,1,GEO/NS,O,4.5,3.0,34.0,Box + 2 Pan,STO,Falcon 9,US,CC,SPX,
S48618,48618,2021-042,2021-042A,SBIRS GEO-5,SBIRS GEO SV5,2021-05-18,2021,138,868,US,USSF,LMSS,A2100,Leros 1C?,CHEM,4500,?,2500,?,4500,?,2000,0.444,1,GEO/ID,O,6.0,2.5,25.0,Box + 2 Pan,GTO,Atlas V 421,US,CC,ULAL,
S48838,48838,2021-049,2021-049A,SXM-8,SXM-8,2021-06-06,2021,157,887,US,SIRX,MAXSS,LS-1300,R-4D,CHEM,7000,?,2884,?,7000,?,4116,0.588,1,GEO/D,O,5.2,5.6,30.0,Box+2 panels,GTO,Falcon 9,US,CC,SPX,
S49055,49055,2021-069,2021-069A,Star One D2,Star One D2,2021-07-30,2021,211,941,BR,STONE,MAXSS,LS-1300,R-4D,CHEM,6190,,3500,?,6190,,2690,0.435,1,GEO/S,O,5.1,2.2,27.0,Box + 2 pan,GTO,Ariane 5ECA+,EU,CSG,AE,
S49056,49056,2021-069,2021-069B,Eutelsat Quantum,Eutelsat Quantum,2021-07-30,2021,211,941,F,EUTSA,ADST/SSTLA,GMP-T,S-400?,CHEM,3461,,2000,?,3461,,1461,0.422,1,GEO/S,O,2.5,2.5,17.0,Box + 2 pan,GTO,Ariane 5ECA+,EU,CSG,AE,
S49332,49332,2021-095,2021-095A,SES-17,SES-17,2021-10-24,2021,297,1027,L,SESSA,THALES,Spacebus NEO200,XPS/PPS-5000,ELEC,6411,,5800,?,6411,,611,0.095,1,HEO,O,5.0,3.5,46.0,Box + 2 Pan,GTO,Ariane 5ECA+,EU,CSG,AE,
S49333,49333,2021-095,2021-095B,Syracuse 4A,Syracuse 4A,2021-10-24,2021,297,1027,F,DGA,THALES,Spacebus NEO100,XPS/PPS-5000,ELEC,3852,,3200,?,3852,,652,0.169,1,HEO,O,5.0,2.5,30.0,Box + 2 Pan,GTO,Ariane 5ECA+,EU,CSG,AE,
S49336,49336,2021-096,2021-096A,Michibiki Shogoki Kokei-ki,QZS-1R,2021-10-26,2021,299,1029,J,NUSS/JAXA,MELCO,DS-2000,LAPS-500?,CHEM,4020,,1802,,4020,,2218,0.552,0,GEO/T,O,6.2,2.9,25.3,Box + 2 Pan,GTO,H-IIA 202,JP,TNSC,MHI,
S49817,49817,2021-118,2021-118A,STPSAT-6,STPSAT-6,2021-12-07,2021,341,1071,US,STP,NGAS,A-500,-,UNK,1000,?,1000,?,1000,?,0,0.000,1,GEO/S,O,2.0,1.0,2.0,Box+panels,GEO,Atlas V 551,US,CC,ULAL,
S49818,49818,2021-118,2021-118B,LDPE 1,LDPE-1,2021-12-07,2021,341,1071,US,AFRL,NGIS,LDPE,-,UNK,500,?,500,,500,?,0,0.000,1,GEO/D,O,0.6,1.6,3.6,Cyl+panel,GEO,Atlas V 551,US,CC,ULAL,
S51287,51287,2021-118,2021-118E,ASCENT,ASCENT,2021-12-07,2021,341,1071,US,AFRL,RAYBL,Cubesat 12U,-,UNK,25,?,25,?,25,?,0,0.000,1,GEO/D,O,0.3,0.2,0.3,Box,GEO,Atlas V 551,US,CC,ULAL,
S50212,50212,2021-126,2021-126A,Turksat 5B,Turksat 5B,2021-12-19,2021,353,1083,TR,TURKS,ADSB,Eurostar 3000EOR,EOR,ELEC,4500,,3500,?,4500,,1000,0.222,1,HEO,O,4.5,3.0,34.0,Box + 2 Pan,STO,Falcon 9,US,CC,SPX,
S50319,50319,2021-128,2021-128A,Inmarsat 6 F1,Inmarsat 6 F1,2021-12-22,2021,356,1086,UK,INMRL,ADSUK,Eurostar 3000EOR,SPT140D,ELEC,5470,,4000,,5470,,1470,0.269,0,HEO,O,9.0,2.5,47.0,Box+dish+2 pan,STO,H-IIA 204,JP,TNSC,MHI,
S51280,51280,2022-006,2022-006A,USA 324,Hornet 5,2022-01-21,2022,21,1116,US,USSF,NGISD,GeoStar-1,AOCS,RCS,500,,500,,500,,0,0.000,0,GEO/S,O,2.0,2.0,5.0,Box + 2 pan?,GEO,Atlas V 511,US,CC,ULAL,
S51281,51281,2022-006,2022-006B,USA 325,Hornet 6,2022-01-21,2022,21,1116,US,USSF,NGISD,GeoStar-1,AOCS,RCS,500,,500,,500,,0,0.000,0,GEO/D,O,2.0,2.0,5.0,Box + 2 pan?,GEO,Atlas V 511,US,CC,ULAL,
S51850,51850,2022-021,2022-021A,GOES 18,GOES T,2022-03-01,2022,60,1155,US,NOAA,LMCSS,A2100,Leros-1C,CHEM,5209,,2857,,5209,,2352,0.452,0,GEO/S,O,6.1,3.9,12.0,Box +  panel + boom,GTO,Atlas V 541,US,CC,ULAL,
S52817,52817,2022-061,2022-061A,Nilesat 301,Nilesat 301,2022-06-08,2022,159,1254,EG,NILE,THALES,Spacebus 4000B2,S400,CHEM,3938,,1500,?,3938,,2438,0.619,1,GEO/S,O,2.9,1.8,29.6,Box + 2 Pan,GTO,Falcon 9,US,CC,SPX,
S52903,52903,2022-067,2022-067A,GSAT-24,GSAT-24,2022-06-22,2022,173,1268,IN,NSIL,ISAC,I3K,ISRO LAM,CHEM,4181,,1775,,4181,,2406,0.575,0,GEO/S,O,4.0,2.5,25.0,Box + 2 Pan,GTO,Ariane 5ECA+,EU,CSG,AE,
S52904,52904,2022-067,2022-067B,Measat 3D,Measat 3D,2022-06-22,2022,173,1268,MY,MEAS,ADST,Eurostar 3000,R-4D?,CHEM,5648,,3000,?,5648,,2648,0.469,1,GEO/S,O,4.3,3.4,40.0,Box + 2 pan,GTO,Ariane 5ECA+,EU,CSG,AE,
S52933,52933,2022-071,2022-071A,SES-22,SES-22,2022-06-29,2022,180,1275,L,SESSA,THALES,Spacebus 4000B2,S400,CHEM,3500,,2000,?,3500,,1500,0.429,1,GEO/S,O,5.0,3.5,30.0,Box + 2 Pan,GTO,Falcon 9,US,CC,SPX,
S52940,52940,2022-073,2022-073A,WFOV Testbed,WFOV Testbed,2022-07-01,2022,182,1277,US,SFSSC,BOMILL,Aquila M8,-,UNK,3000,?,2800,?,3000,?,200,0.067,1,GEO/D,O,4.0,2.0,10.0,Box+ 2 pan,GEO,Atlas V 541,US,CC,ULAL,
S52941,52941,2022-073,2022-073B,USSF 12 Ring,ESPAStar D-1,2022-07-01,2022,182,1277,US,AFRL,NGIS,ESPAStar,-,UNK,500,?,500,,500,?,0,0.000,1,GEO/D,O,0.6,1.6,3.6,Cyl+panel,GEO,Atlas V 541,US,CC,ULAL,
S53521,53521,2022-073,2022-073E,USA 337,ESPASat?,2022-07-01,2022,182,1277,US,AFRL,NGIS?,ESPASat,-,UNK,100,?,80,,100,?,20,0.200,1,GEO/D,O,0.7,0.6,0.6,Box,GEO,Atlas V 541,US,CC,ULAL,
S53355,53355,2022-092,2022-092A,SBIRS GEO-6,SBIRS GEO SV6,2022-08-04,2022,216,1311,US,USSF,LMSS,A2100,Leros 1C?,CHEM,4500,?,2500,?,4500,?,2000,0.444,1,GEO/I,O,6.0,2.5,25.0,Box + 2 Pan,GTO,Atlas V 421,US,CC,ULAL,
S53765,53765,2022-110,2022-110A,Eutelsat Konnect VHTS,Eutelsat Konnect VHTS,2022-09-07,2022,250,1345,F,EUTSA,THALES,Spacebus NEO200,XPS/PPS-5000,ELEC,6500,,6000,?,6500,,500,0.077,1,HEO,O,8.8,3.5,45.0,Box + 2 Pan,STO,Ariane 5ECA+,EU,CSG,AE,
S53960,53960,2022-123,2022-123A,SES-20,SES-20,2022-10-04,2022,277,1372,US,SESSAP,BOES,BSS-702SP,R-4D,CHEM,1499,,1369,?,1499,,130,0.087,1,GEO/D,O,5.0,3.5,30.0,Box + 2 Pan,GEO,Atlas V 531,US,CC,ULAL,
S53961,53961,2022-123,2022-123B,SES-21,SES-21,2022-10-04,2022,277,1372,US,SESSAP,BOES,BSS-702SP,R-4D,CHEM,1768,,1638,?,1768,,130,0.074,1,GEO/S,O,5.0,3.5,30.0,Box + 2 Pan,GEO,Atlas V 531,US,CC,ULAL,
S54026,54026,2022-128,2022-128A,Galaxy 33,Galaxy 33,2022-10-08,2022,281,1376,US,INTELU,NGISD,Geostar-2.4E,BT-4?,CHEM,3700,,2500,?,3700,,1200,0.324,1,GEO/S,O,5.0,2.5,23.0,Box + 2 pan,GTO,Falcon 9,US,CC,SPX,
S54027,54027,2022-128,2022-128B,Galaxy 34,Galaxy 34,2022-10-08,2022,281,1376,US,INTELU,NGISD,Geostar-2.4E,BT-4?,CHEM,3650,,2500,?,3650,,1150,0.315,1,GEO/D,O,5.0,2.5,23.0,Box + 2 pan,GTO,Falcon 9,US,CC,SPX,
S54048,54048,2022-134,2022-134A,EUTELSAT HOT BIRD 13F,HotBird 13F,2022-10-15,2022,288,1383,F,EUTSA,ADST,Eurostar NEO,PPS-5000,ELEC,4476,,4200,?,4476,,276,0.062,1,HEO,O,7.0,3.0,40.0,Box + 2 Pan,STO,Falcon 9,US,CC,SPX,
S54219,54219,2022-144,2022-144A,LDPE 2,LDPE-2,2022-11-01,2022,305,1400,US,AFRL,NGIS,LDPE,-,UNK,500,?,500,,500,?,0,0.000,1,GEO/ID,O,0.6,1.6,3.6,Cyl+panel,GEO,Falcon Heavy,US,KSC,SPX,
S54220,54220,2022-144,2022-144B,USA 339,Shepherd Demo?,2022-11-01,2022,305,1400,US,SFSSC,UNKUS,USA 339,-,UNK,500,?,500,,500,?,0,0.000,1,GEO/D,O,0.6,1.6,3.6,Box+panels,GEO,Falcon Heavy,US,KSC,SPX,
S55138,55138,2022-144,2022-144E,USA 340,TETRA 1,2022-11-01,2022,305,1400,US,SFSSC/MILLES,MILLES,Altair 27U,-,UNK,100,?,100,?,100,?,0,0.000,1,GEO/D,O,0.4,0.4,0.4,Box,GEO,Falcon Heavy,US,KSC,SPX,
S55139,55139,2022-144,2022-144F,USA 341,Alpine,2022-11-01,2022,305,1400,US,AFRL/MILLES,MILLES,ESPASat,-,UNK,100,?,80,,100,?,20,0.200,1,GEO/D,O,0.7,0.6,0.6,Box,GEO,Falcon Heavy,US,KSC,SPX,
S55246,55246,2022-144,2022-144G,LINUSS1,LINUS-A 1,2022-11-01,2022,305,1400,US,LMSSD,TYVAK/LMSSD,Cubesat 12U,-,UNK,21.5,,19.2,,21.5,,2.3,0.107,0,GEO/D,O,0.8,0.4,1.4,Box + 2 pan,GEO,Falcon Heavy,US,KSC,SPX,
S55247,55247,2022-144,2022-144H,LINUSS2,LINUS-A 2,2022-11-01,2022,305,1400,US,LMSSD,TYVAK/LMSSD,Cubesat 12U,-,UNK,21.5,,19.2,,21.5,,2.3,0.107,0,GEO/D,O,0.8,0.4,1.4,Box + 2 pan,GEO,Falcon Heavy,US,KSC,SPX,
S56307,56307,2022-144,2022-144J,USA 344,ESPASat?,2022-11-01,2022,305,1400,US,AFRL,NGIS?,ESPASat,-,UNK,100,?,80,,100,?,20,0.200,1,GEO/ID,O,0.7,0.6,0.6,Box,GEO,Falcon Heavy,US,KSC,SPX,
S60741,60741,2022-144,2022-144K,USA 399,ESPASat?,2022-11-01,2022,305,1400,US,AFRL,NGIS?,ESPASat,-,UNK,100,?,80,,100,?,20,0.200,1,GEO/ID,O,0.7,0.6,0.6,Box,GEO,Falcon Heavy,US,KSC,SPX,
S64289,64289,2022-144,2022-144L,USA 546,ESPASat?,2022-11-01,2022,305,1400,US,AFRL,NGIS?,ESPASat,-,UNK,100,?,80,,100,?,20,0.200,1,GEO/ID,O,0.7,0.6,0.6,Box,GEO,Falcon Heavy,US,KSC,SPX,
S64466,64466,2022-144,2022-144M,USA 547,ESPASat?,2022-11-01,2022,305,1400,US,AFRL,NGIS?,ESPASat,-,UNK,100,?,80,,100,?,20,0.200,1,GEO/ID,O,0.7,0.6,0.6,Box,GEO,Falcon Heavy,US,KSC,SPX,
S64722,64722,2022-144,2022-144N,USA 548,ESPASat?,2022-11-01,2022,305,1400,US,AFRL,NGIS?,ESPASat,-,UNK,100,?,80,,100,?,20,0.200,1,GEO/ID,O,0.7,0.6,0.6,Box,GEO,Falcon Heavy,US,KSC,SPX,
S65156,65156,2022-144,2022-144P,USA 551,ESPASat?,2022-11-01,2022,305,1400,US,AFRL,NGIS?,ESPASat,-,UNK,100,?,80,,100,?,20,0.200,1,GEO/ID,O,0.7,0.6,0.6,Box,GEO,Falcon Heavy,US,KSC,SPX,
S65157,65157,2022-144,2022-144Q,USA 552,ESPASat?,2022-11-01,2022,305,1400,US,AFRL,NGIS?,ESPASat,-,UNK,100,?,80,,100,?,20,0.200,1,GEO/ID,O,0.7,0.6,0.6,Box,GEO,Falcon Heavy,US,KSC,SPX,
S65158,65158,2022-144,2022-144R,USA 553,ESPASat?,2022-11-01,2022,305,1400,US,AFRL,NGIS?,ESPASat,-,UNK,100,?,80,,100,?,20,0.200,1,GEO/ID,O,0.7,0.6,0.6,Box,GEO,Falcon Heavy,US,KSC,SPX,
S65650,65650,2022-144,2022-144S,USA 556,ESPASat?,2022-11-01,2022,305,1400,US,AFRL,NGIS?,ESPASat,-,UNK,100,?,80,,100,?,20,0.200,1,GEO/ID,O,0.7,0.6,0.6,Box,GEO,Falcon Heavy,US,KSC,SPX,
S65651,65651,2022-144,2022-144T,USA 557,ESPASat?,2022-11-01,2022,305,1400,US,AFRL,NGIS?,ESPASat,-,UNK,100,?,80,,100,?,20,0.200,1,GEO/ID,O,0.7,0.6,0.6,Box,GEO,Falcon Heavy,US,KSC,SPX,
S54225,54225,2022-146,2022-146A,EUTELSAT HOT BIRD 13G,HotBird 13G,2022-11-03,2022,307,1402,F,EUTSA,ADST,Eurostar NEO,PPS-5000,ELEC,4476,,4200,?,4476,,276,0.062,1,GEO/NS,O,7.0,3.0,40.0,Box + 2 Pan,GTO,Falcon 9,US,CC,SPX,
S54243,54243,2022-153,2022-153A,Galaxy 31,Galaxy 31,2022-11-12,2022,316,1411,US,INTELU,MAXSS,SSL-1300,R-4D,CHEM,3300,,2000,?,3300,,1300,0.394,1,GEO/D,O,5.0,2.8,27.0,Box+2 pan,GTO,Falcon 9,US,CC,SPX,
S54244,54244,2022-153,2022-153B,Galaxy 32,Galaxy 32,2022-11-12,2022,316,1411,US,INTELU,MAXSS,SSL-1300,R-4D,CHEM,3300,,2000,?,3300,,1300,0.394,1,GEO/S,O,5.0,2.8,27.0,Box+2 pan,GTO,Falcon 9,US,CC,SPX,
S54259,54259,2022-157,2022-157A,EUTELSAT 10B,Eutelsat 10B,2022-11-23,2022,327,1422,F,EUTSA,THALES,Spacebus NEO200,XPS/PPS-5000,ELEC,4500,,4200,?,4500,,300,0.067,1,GEO/NS,O,8.8,3.5,45.0,Box + 2 Pan,GTO,Falcon 9,US,CC,SPX,
S54741,54741,2022-170,2022-170A,Galaxy 35,Galaxy 35,2022-12-13,2022,347,1442,US,INTELU,MAXSS,SSL-1300,R-4D,CHEM,3150,,2000,?,3150,,1150,0.365,1,GEO/D,O,7.2,2.8,12.0,Box+2 pan,GTO,Ariane 5ECA+,EU,CSG,AE,
S54742,54742,2022-170,2022-170B,Galaxy 36,Galaxy 36,2022-12-13,2022,347,1442,US,INTELU,MAXSS,SSL-1300,R-4D,CHEM,3150,,2000,?,3150,,1150,0.365,1,GEO/D,O,7.2,2.8,12.0,Box+2 pan,GTO,Ariane 5ECA+,EU,CSG,AE,
S54743,54743,2022-170,2022-170C,Meteosat 12,MTG-I1,2022-12-13,2022,347,1442,I-EUM,EUMET,THALES,MTG,S400 x2,CHEM,3760,,2500,?,3760,,1260,0.335,1,GEO/S,O,5.2,2.3,10.0,Box + 2 pan,GTO,Ariane 5ECA+,EU,CSG,AE,
S55263,55263,2023-008,2023-008A,CBAS 2,CBAS 2,2023-01-15,2023,15,1475,US,SFSSC,UNKUS,Unknown,-,UNK,3200,?,2800,,3200,?,400,0.125,1,GEO/S,O,7.0,2.5,35.0,-,GEO,Falcon Heavy,US,KSC,SPX,
S55264,55264,2023-008,2023-008B,LDPE 3A,LDPE 3A,2023-01-15,2023,15,1475,US,AFRL,NGIS,LDPE,-,UNK,500,?,500,,500,?,0,0.000,1,GEO/D,O,0.6,1.6,3.6,Cyl+panel,GEO,Falcon Heavy,US,KSC,SPX,
S55508,55508,2023-017,2023-017A,Amazonas Nexus,Amazonas Nexus,2023-02-07,2023,38,1498,BR,HISPM/HISP,THALES,Spacebus NEO200,XPS/PPS-5000,ELEC,4500,,4200,?,4500,,300,0.067,1,HEO,O,8.8,3.5,45.0,Box + 2 Pan,STO,Falcon 9,US,CC,SPX,
S55683,55683,2023-022,2023-022A,Inmarsat 6 F2,Inmarsat 6 F2,2023-02-18,2023,49,1509,UK,INMRL,ADSUK,Eurostar 3000EOR,SPT140D,ELEC,5470,,4000,,5470,,1470,0.269,0,HEO,O,9.0,2.5,47.0,Box+dish+2 pan,GTO,Falcon 9,US,CC,SPX,
S55970,55970,2023-038,2023-038A,SES 18,SES-18,2023-03-17,2023,76,1536,L,SESSA,NGISD,Geostar-3,BT-4?,CHEM,3605,,1139,,3605,,2466,0.684,0,GEO/D,O,5.0,2.5,23.0,Box + 2 pan,GTO,Falcon 9,US,CC,SPX,
S55971,55971,2023-038,2023-038B,SES 19,SES-19,2023-03-17,2023,76,1536,L,SESSA,NGISD,Geostar-3,BT-4?,CHEM,3650,,1280,,3650,,2370,0.649,0,GEO/D,O,5.0,2.5,23.0,Box + 2 pan,GTO,Falcon 9,US,CC,SPX,
S56174,56174,2023-052,2023-052A,Intelsat IS-40e,Intelsat IS-40e,2023-04-07,2023,97,1557,US,INTELU,MAXSS,LS-1300,R-4D,CHEM,6013,,3000,?,6161,,3013,0.501,1,GEO/S,O,8.0,6.0,26.0,Box + 2 panels,GTO,Falcon 9,US,CC,SPX,
S56370,56370,2023-060,2023-060A,Viasat-3 Americas,Viasat-3.1,2023-05-01,2023,121,1581,US,VIA,BOES,BSS-702MP+,R-4D,CHEM,6418,,3500,,6418,,2918,0.455,0,GEO/S,O,7.0,3.0,44.0,Box + 2 pan,GEO,Falcon Heavy,US,KSC,SPX,
S56371,56371,2023-060,2023-060B,Arcturus,Aurora 4A,2023-05-01,2023,121,1581,BM,ASTRB,ASTRAN,MicroGEO,EP,ELEC,400,,400,,400,,0,0.000,0,GEO/S,O,1.5,1.5,10.0,Box +22 pan,GEO,Falcon Heavy,US,KSC,SPX,
S56372,56372,2023-060,2023-060C,G-Space 1,GS-1,2023-05-01,2023,121,1581,US,GRSP,SPINV,Cubesat 16U,-,UNK,22,?,20,?,22,?,2,0.091,1,GEO/D,O,0.4,0.2,0.4,Box,GEO,Falcon Heavy,US,KSC,SPX,
S56757,56757,2023-075,2023-075A,Badr 8,Arabsat 7B,2023-05-27,2023,147,1607,I-ARAB,ARAB,ADSB,Eurostar Neo,PPS-5000,ELEC,4500,?,4200,?,4500,?,300,0.067,1,HEO,O,7.0,3.0,40.0,Box + 2 panels,STO,Falcon 9,US,CC,SPX,
S56759,56759,2023-076,2023-076A,NVS-01,IRNSS-1J,2023-05-29,2023,149,1609,IN,ISRO,ISRO,I2K,ISRO LAM,CHEM,2232,,1000,?,2232,,1232,0.552,1,GEO/I,O,2.4,1.6,9.5,Box+2 pan,GTO,GSLV Mk II,IN,SHAR,ISRO/NSIL,
S57045,57045,2023-086,2023-086A,Nusantara Tiga,Satria,2023-06-18,2023,169,1629,ID,PSNT,THALES,Spacebus NEO200,XPS/PPS-5000,ELEC,4600,,4200,?,4600,,400,0.087,1,GEO/NS,O,8.0,3.0,45.0,Box + 2 Pan,STO,Falcon 9,US,CC,SPX,
S57099,57099,2023-089,2023-089A,USA 345,ORION 11?,2023-06-22,2023,173,1633,US,NROC,UNKUS,Adv ORION,UNK,UNK,5000,?,5000,?,5000,?,0,0.000,1,GEO/S,O,5.0,2.5,20.0,Box + 2 Pan + Dish,GEO,Delta 4H,US,CC,ULAB,
S57213,57213,2023-093,2023-093A,Heinrich-Hertz-Satellit,H2SAT,2023-07-05,2023,186,1646,D,DLR,OHB,Luxor,?,UNK,3408,,3200,?,3408,,208,0.061,1,GEO/S,O,3.0,2.0,15.0,Box +  2 panels,GTO,Ariane 5ECA+,EU,CSG,AE,
S57214,57214,2023-093,2023-093B,Syracuse 4B,Syracuse 4B,2023-07-05,2023,186,1646,F,DGA,ADST,Eurostar 3000EOR,XPS/PPS-5000,ELEC,3572,,3200,?,3572,,372,0.104,1,HEO,O,5.0,2.5,30.0,Box + 2 Pan,GTO,Ariane 5ECA+,EU,CSG,AE,
S57479,57479,2023-108,2023-108A,Jupiter 3,Echostar 24,2023-07-29,2023,210,1670,US,EHNS/ECHOC,MAXSS,SSL-1300,SPT-100,ELEC,9200,?,5817,?,9200,,3383,0.368,1,GEO/S,O,7.9,3.0,38.7,Box + 2 pan,GEO,Falcon Heavy,US,KSC,SPX,
S57493,57493,2023-112,2023-112A,Galaxy 37,Galaxy 37,2023-08-03,2023,215,1675,US,HORZ/INTELU,MAXSS,SSL-1300,R-4D,CHEM,5000,?,2500,?,5000,?,2500,0.500,1,GEO/S,O,5.0,2.8,27.0,Box+2 pan,STO,Falcon 9,US,CC,SPX,
S57836,57836,2023-140,2023-140A,USA 346,SILENT BARKER 1,2023-09-10,2023,253,1713,US,NRO/SFSSC,UNKUS,SILENTBARKER,-,UNK,1200,?,1000,?,1200,?,200,0.167,1,GEO/I,O,3.0,1.5,10.0,-,GEO,Atlas V 551,US,CC,ULAL,
S57837,57837,2023-140,2023-140B,USA 347,SILENT BARKER 2,2023-09-10,2023,253,1713,US,NRO/SFSSC,UNKUS,SILENTBARKER,-,UNK,1200,?,1000,?,1200,?,200,0.167,1,GEO/ID,O,3.0,1.5,10.0,-,GEO,Atlas V 551,US,CC,ULAL,
S57838,57838,2023-140,2023-140C,USA 348,SILENT BARKER 3,2023-09-10,2023,253,1713,US,NRO/SFSSC,UNKUS,SILENTBARKER,-,UNK,1200,?,1000,?,1200,?,200,0.167,1,GEO/ID,O,3.0,1.5,10.0,-,GEO,Atlas V 551,US,CC,ULAL,
S58698,58698,2024-003,2024-003A,Ovzon 3,Ovzon 3,2024-01-03,2024,3,1828,S,OVZON,MAXSS,SSL-500,AOCS,RCS,1800,?,1500,?,1800,?,300,0.167,1,VHEO,O,3.0,2.0,27.0,Box+2 pan,STO,Falcon 9,US,CC,SPX,
S58990,58990,2024-033,2024-033A,Insat 3DS,Insat 3DS,2024-02-17,2024,48,1873,IN,ISRO,ISRO,I2K,ISRO LAM,CHEM,2275,,960,?,2275,,1315,0.578,1,GEO/S,O,2.4,1.6,9.5,Box+2 pan,GTO,GSLV Mk II,IN,SHAR,ISRO,
S58995,58995,2024-035,2024-035A,Merah Putih 2,Telkom HTS 113BT,2024-02-20,2024,51,1876,ID,TELK,THALES,Spacebus 4000B2,S400,CHEM,4000,,2500,?,4000,,1500,0.375,1,GEO/S,O,5.0,3.5,30.0,Box + 2 Pan,STO,Falcon 9,US,CC,SPX,
S59346,59346,2024-059,2024-059A,EUTELSAT 36D,Eutelsat 36D,2024-03-30,2024,90,1915,F,EUTSA,ADST/ADSUK,Eurostar NEO,PPS-5000,ELEC,5000,,5000,?,5000,,0,0.000,1,VHEO,O,8.0,3.0,40.0,Box + 2 Pan,STO,Falcon 9,US,KSC,SPX,
S59453,59453,2024-067,2024-067A,USA 353,ORION 12?,2024-04-09,2024,100,1925,US,NROC,UNKUS,Adv ORION,UNK,UNK,5000,?,5000,?,5000,?,0,0.000,1,GEO/I,O,5.0,2.5,20.0,Box + 2 Pan + Dish,GEO,Delta 4H,US,CC,ULAB,
S60086,60086,2024-115,2024-115A,Astra 1P,SES-24,2024-06-20,2024,172,1997,L,SESSA,THALES,Spacebus NEO200,XPS/PPS-5000,ELEC,5000,?,4030,?,5000,?,970,0.194,1,HEO,O,8.0,3.0,45.0,Box + 2 Pan,STO,Falcon 9,US,CC,SPX,
S60133,60133,2024-119,2024-119A,GOES 19,GOES U,2024-06-25,2024,177,2002,US,NOAA,LMCSS,A2100,Leros-1C,CHEM,5000,?,2925,,5000,?,2075,0.415,1,GEO/S,O,6.1,3.9,12.0,Box +  panel + boom,GTO,Falcon Heavy,US,KSC,SPX,
S60233,60233,2024-127,2024-127A,Turksat 6A,Turksat 6A,2024-07-08,2024,190,2015,TR,TURKS,TUSAS,Turksat 6,-,UNK,4250,,1700,?,4250,,2550,0.600,1,GEO/NS,O,4.5,3.0,30.0,Box + 2 Pan,STO,Falcon 9,US,CC,SPX,
S60322,60322,2024-134,2024-134A,USA 396,LDPE 4?,2024-07-30,2024,212,2037,US,AFRL,NGIS,LDPE?,-,UNK,500,?,500,,500,?,0,0.000,1,GEO/D,O,0.6,1.6,3.6,Cyl+panel,GEO,Atlas V 551,US,CC,ULAL,
S60323,60323,2024-134,2024-134B,USA 397,USSF-51 PL2,2024-07-30,2024,212,2037,US,SFSSC,UNKUS,Unknown,-,UNK,3200,?,2800,,3200,?,400,0.125,1,GEO/D,O,7.0,2.5,35.0,-,GEO,Atlas V 551,US,CC,ULAL,
S60324,60324,2024-134,2024-134C,USA 398,USSF-51 PL3,2024-07-30,2024,212,2037,US,SFSSC,UNKUS,Unknown,-,UNK,3200,?,2800,,3200,?,400,0.125,1,GEO/D,O,7.0,2.5,35.0,-,GEO,Atlas V 551,US,CC,ULAL,
S65724,65724,2024-134,2024-134H,USA 566,USSF-51 PL4,2024-07-30,2024,212,2037,US,SFSSC,UNKUS,Unknown,-,UNK,100,,100,,100,?,0,0.000,1,GEO/D,O,1.0,1.0,1.0,Box?,GEO,Atlas V 551,US,CC,ULAL,
S66145,66145,2024-134,2024-134J,USA 567,USSF-51 PL5,2024-07-30,2024,212,2037,US,SFSSC,UNKUS,Unknown,-,UNK,100,,100,,100,?,0,0.000,1,GEO/D,O,1.0,1.0,1.0,Box?,GEO,Atlas V 551,US,CC,ULAL,
S66551,66551,2024-134,2024-134K,USA 568,USSF-51 PL6,2024-07-30,2024,212,2037,US,SFSSC,UNKUS,Unknown,-,UNK,100,,100,,100,?,0,0.000,1,GEO/D,O,1.0,1.0,1.0,Box?,GEO,Atlas V 551,US,CC,ULAL,
S66552,66552,2024-134,2024-134L,USA 569,USSF-51 PL7,2024-07-30,2024,212,2037,US,SFSSC,UNKUS,Unknown,-,UNK,100,,100,,100,?,0,0.000,1,GEO/D,O,1.0,1.0,1.0,Box?,GEO,Atlas V 551,US,CC,ULAL,
S61733,61733,2024-198,2024-198A,Kirameki 3,DSN 3,2024-11-04,2024,309,2134,J,DSNC,MELCO/NECST,DS-2000,R-4D,CHEM,5000,,2500,,5000,,2500,0.500,0,GEO/S,O,8.0,4.0,30.0,Box +panels,GTO,H3-22S,JP,TNSC,JAXA,
S61910,61910,2024-206,2024-206A,Mugunghwa 6A,Koreasat 6A,2024-11-11,2024,316,2141,KR,KTSAT,THALES,Spacebus 4000B2,S400,CHEM,3500,?,2000,?,3500,?,1500,0.429,1,GEO/S,O,5.0,2.5,38.0,Box + 2 Pan,GTO,Falcon 9,US,KSC,SPX,
S62006,62006,2024-212,2024-212A,Optus X,ADS-01,2024-11-17,2024,322,2147,AU,OPTS,ADST/ADSUK,Eurostar 3000EOR,XPS/PPS-5000,ELEC,4000,?,2000,?,4000,?,2000,0.500,1,GEO/S,O,5.0,2.5,38.0,Box + 2 Pan,STO,Falcon 9,US,KSC,SPX,
S62028,62028,2024-214,2024-214A,GSAT-20,GSAT-N2,2024-11-18,2024,323,2148,IN,NSIL,ISAC,I4K,ISRO LAM,CHEM,4700,,2500,?,4700,,2200,0.468,1,GEO/S,O,4.0,2.5,25.0,Box + 2 Pan,STO,Falcon 9,US,CC,SPX,
S62259,62259,2024-234,2024-234A,SXM-9,SXM-9,2024-12-05,2024,340,2165,US,SIRX,MAXSS,LS-1300,R-4D,CHEM,7000,?,2884,?,7000,?,4116,0.588,1,GEO/S,O,8.2,5.6,30.0,Box+2 panels,STO,Falcon 9,US,KSC,SPX,
S62454,62454,2024-252,2024-252A,UtilitySat,Astranis Block 2-1,2024-12-29,2024,364,2189,UK,SPGUK,ASTRAN,MicroGEO,EP,ELEC,400,,400,,400,,0,0.000,0,HEO,O,1.5,1.5,10.0,Box +22 pan,STO,Falcon 9,US,CC,SPX,
S62455,62455,2024-252,2024-252B,NuView Alpha,Astranis Block 2-3,2024-12-29,2024,364,2189,UK,ASTRU/ANUV,ASTRAN,MicroGEO,EP,ELEC,400,,400,,400,,0,0.000,0,HEO,O,1.5,1.5,10.0,Box +22 pan,STO,Falcon 9,US,CC,SPX,
S62456,62456,2024-252,2024-252C,AGILA,Astranis Block 2-4,2024-12-29,2024,364,2189,UK,ASTRU/ORPH,ASTRAN,MicroGEO,EP,ELEC,400,,400,,400,,0,0.000,0,HEO,O,1.5,1.5,10.0,Box +22 pan,STO,Falcon 9,US,CC,SPX,
S62457,62457,2024-252,2024-252D,NuView Bravo,Astranis Block 2-2,2024-12-29,2024,364,2189,UK,ASTRU/ANUV,ASTRAN,MicroGEO,EP,ELEC,400,,400,,400,,0,0.000,0,HEO,O,1.5,1.5,10.0,Box +22 pan,STO,Falcon 9,US,CC,SPX,
S62483,62483,2025-001,2025-001A,Thuraya 4-NGS,Thuraya 4-NGS,2025-01-04,2025,4,2195,UAE,SP42/THUR,ADST/ADSUK,Eurostar NEO,PPS-5000,ELEC,5000,,5000,?,5000,,0,0.000,1,HEO,O,8.0,3.0,40.0,Box + 2 Pan,GTO,Falcon 9,US,CC,SPX,
S62852,62852,2025-021,2025-021A,Spainsat NG-1,Spainsat NG I,2025-01-30,2025,30,2221,E,HISD,ADST/ADSUK,Eurostar NEO,PPS-5000,ELEC,6100,,5500,?,6100,,600,0.098,1,HEO,O,6.7,2.7,42.8,Box + 2 Pan,GTO,Falcon 9,US,KSC,SPX,
S62876,62876,2025-023,2025-023A,Michibiki-6,QZS-6,2025-02-02,2025,33,2224,J,NUSS/JAXA,MELCO,DS-2000,LAPS-500?,CHEM,4900,,2000,?,4900,,2900,0.592,1,GEO/S,O,6.2,2.9,25.3,Box + 2 Pan,GTO,H3-22S,JP,TNSC,JAXA,
S64290,64290,2025-122,2025-122A,SXM-10,SXM-10,2025-06-07,2025,158,2349,US,SIRX,MAXSS,LS-1300,R-4D,CHEM,6400,?,2800,?,6400,?,3600,0.562,1,GEO/S,O,8.2,5.6,30.0,Box+2 panels,GTO,Falcon 9,US,CC,SPX,
S64784,64784,2025-148,2025-148A,Dror 1,PR-8000,2025-07-13,2025,194,2385,IL,ISA,IAI,Amos-HP,S400,CHEM,4500,,2500,?,4500,,2000,0.444,1,VHEO,O,6.8,2.8,17.8,Box + 2 panels,STO,Falcon 9,US,CC,SPX,
S65160,65160,2025-173,2025-173A,NTS 3,NTS 3,2025-08-13,2025,225,2416,US,USSF,NGISD,ESPAStar,AOCS,RCS,1250,,1250,,1250,,0,0.000,0,GEO/ID,O,2.0,2.0,5.0,Box + 2 pan?,GEO,Vulcan Centaur VC4S,US,CC,ULAD,
S65161,65161,2025-173,2025-173B,USA 554,LDPE 5?,2025-08-13,2025,225,2416,US,USSF,NGISD,LDPE?,AOCS,RCS,500,,500,,500,,0,0.000,0,GEO/D,O,2.0,2.0,5.0,Box + 2 pan?,GEO,Vulcan Centaur VC4S,US,CC,ULAD,
S67480,67480,2025-173,2025-173E,USA 571,USA 554 Subsat 1,2025-08-13,2025,225,2416,US,USSF,NGISD,ESPASat?,AOCS,RCS,100,?,100,?,100,?,0,0.000,1,-,O,0.8,0.6,3.0,Box + 2 pan,GEO,Vulcan Centaur VC4S,US,CC,ULAD,"NTS-3 부속 물체, GCAT 에 궤도정보 미기재"
S65588,65588,2025-205,2025-205A,Nusantara Lima,Nusantara Lima,2025-09-12,2025,255,2446,ID,PSNT,BOES,BSS-702MP,R-4D?,CHEM,7800,,4500,?,7800,,3300,0.423,1,VHEO,O,7.0,3.3,35.0,Box+2 pan,GTO,Falcon 9,US,CC,SPX,
S66144,66144,2025-239,2025-239A,Spainsat NG-2,Spainsat NG II,2025-10-24,2025,297,2488,E,HISD,ADST/ADSUK,Eurostar NEO,PPS-5000,ELEC,6100,,5500,?,6100,,600,0.098,1,HEO,O,6.7,2.7,42.8,Box + 2 Pan,STO,Falcon 9,US,CC,SPX,
S66311,66311,2025-249,2025-249B,CMS-03,CMS-03,2025-11-02,2025,306,2497,IN,ISRO,ISAC,I4K,ISRO LAM,CHEM,4400,,2000,?,4400,,2400,0.545,1,GEO/S,O,3.1,1.8,20.0,Box + 2 pan,GTO,LVM3,IN,SHAR,ISRO,
S66454,66454,2025-261,2025-261A,Viasat-3 EMEA,Viasat-3.2,2025-11-14,2025,318,2509,US,VIA,BOES,BSS-702MP+,R-4D,CHEM,6400,,3500,,6400,,2900,0.453,0,MEO,O,7.0,3.0,44.0,Box + 2 pan,GTO,Atlas V 551,US,CC,ULAL,
