launch_tag,mission,launch_date,lv_type,n_payloads,orbpay_kg,sum_mass_kg,sum_totmass_kg,diff_kg,diff_pct,in_final_csv
2017-001,TJS 2,2017 Jan  5 1518:04,Chang Zheng 3B,1,4000,4000,4000,0,0.0,0
2017-004,SBIRS GEO-3,2017 Jan 21 0042,Atlas V 401,1,4500,4500,4500,0,0.0,1
2017-005,DSN 2,2017 Jan 24 0744:00,H-IIA 204,1,5000,5000,5000,0,0.0,1
2017-006,Hispasat 36W-1,2017 Jan 28 0103:34,Soyuz-ST-B,1,3220,3220,3220,0,0.0,0
2017-007,SkyBrasil-1/Telkom-3S,2017 Feb 14 2139,Ariane 5ECA,2,10240,9800,9800,-440,-4.3,1
2017-014,Echostar 23,2017 Mar 16 0600,Falcon 9,1,5600,5600,5600,0,0.0,1
2017-016,Wideband Global Satcom 9,2017 Mar 19 0018:00,"Delta 4M+(5,4)",1,6000,6000,6000,0,0.0,1
2017-017,SES-10,2017 Mar 30 2227,Falcon 9,1,5300,5300,5300,0,0.0,1
2017-018,Shi Jian 13,2017 Apr 12 1104:04,Chang Zheng 3B,1,4600,4600,4600,0,0.0,0
2017-023,SDGC/Koreasat 7,2017 May  4 2150,Ariane 5ECA,2,9675,9235,9235,-440,-4.5,1
2017-024,GSAT-9,2017 May  5 1127,GSLV Mk II,1,2230,2230,2230,0,0.0,1
2017-025,Inmarsat 5F4,2017 May 15 2321,Falcon 9,1,6070,6070,6070,0,0.0,1
2017-026,SES-15,2017 May 18 1154:53,Soyuz-ST-A,1,2302,2302,2302,0,0.0,0
2017-028,QZSS 2,2017 Jun  1 0017:36,H-IIA 202,1,4020,4020,4020,0,0.0,1
2017-029,Viasat 2/Eutelsat 172B,2017 Jun  1 2345:07,Ariane 5ECA,2,10409,9969,9969,-440,-4.2,1
2017-031,GSAT-19,2017 Jun  5 1158,GSLV Mk III,1,3136,3136,3136,0,0.0,1
2017-032,Echostar 21,2017 Jun  8 0345:47,Proton-M/Briz-M,1,7871,6871,6871,-1000,-12.7,0
2017-035,Zhongxing-9A,2017 Jun 18 1611,Chang Zheng 3B,1,5250,5250,5250,0,0.0,0
2017-038,BulgariaSat-1,2017 Jun 23 1910,Falcon 9,1,4000,4000,4000,0,0.0,1
2017-040,HellasSat 3/GSAT 17,2017 Jun 28 2115,Ariane 5ECA,2,9697,9257,9257,-440,-4.5,1
2017-041,Intelsat IS-35e,2017 Jul  5 2338,Falcon 9,1,6761,6761,6761,0,0.0,1
2017-046,Blagovest 11L,2017 Aug 16 2207:00,Proton-M/Briz-M,1,4162,3162,3162,-1000,-24.0,0
2017-047,TDRS M,2017 Aug 18 1229,Atlas V 401,1,3454,3454,3454,0,0.0,1
2017-048,QZSS 3,2017 Aug 19 0529,H-IIA 204,1,4700,4700,4700,0,0.0,1
2017-051,IRNSS-1H,2017 Aug 31 1330,PSLV-XL,1,3445,1425,3445,0,0.0,0
2017-053,Amazonas 5,2017 Sep 11 1923:41,Proton-M/Briz-M,1,6900,5900,5900,-1000,-14.5,0
2017-057,Asiasat 9,2017 Sep 28 1852:16,Proton-M/Briz-M,1,7141,6141,6141,-1000,-14.0,0
2017-059,IS-37e/BSAT-4a,2017 Sep 29 2156,Ariane 5ECA,2,10498,10058,10058,-440,-4.2,1
2017-062,QZSS 4,2017 Oct  9 2201:37,H-IIA 202,1,4020,4020,4020,0,0.0,1
2017-063,SES-11/Echostar-105,2017 Oct 11 2253,Falcon 9,1,5300,5300,5300,0,0.0,1
2017-066,QUASAR 20?,2017 Oct 15 0728,Atlas V 421,1,5600,5600,5600,0,0.0,1
2017-067,Koreasat-5A,2017 Oct 30 1934,Falcon 9,1,3700,3700,3700,0,0.0,1
2017-078,AlComSat 1,2017 Dec 10 1640:04,Chang Zheng 3B,1,5200,5200,5200,0,0.0,0
2017-086,Angosat,2017 Dec 26 1900:04,Zenit-3SLBF,1,2011,1647,1647,-364,-18.1,0
2018-009,SBIRS GEO-4,2018 Jan 20 0048:00,Atlas V 411,1,4500,4500,4500,0,0.0,1
2018-012,SES-14/Al Yah 3,2018 Jan 25 2220,Ariane 5ECA,2,8658,8218,8218,-440,-5.1,1
2018-013,GovSat-1,2018 Jan 31 2125,Falcon 9,1,4000,4000,4000,0,0.0,1
2018-022,GOES S,2018 Mar  1 2202:00,Atlas V 541,1,5192,5192,5192,0,0.0,1
2018-023,Hispasat 30W-6,2018 Mar  6 0533,Falcon 9,2,6182,6182,6182,0,0.0,1
2018-027,GSAT-6A,2018 Mar 29 1126:00,GSLV Mk II,1,2230,2230,2230,0,0.0,0
2018-033,Superbird 8/Hylas 4,2018 Apr  5 2134:07,Ariane 5ECA,2,9490,9050,9050,-440,-4.6,1
2018-035,IRNSS-1I,2018 Apr 11 2234:00,PSLV-XL,1,1425,1425,1425,0,0.0,1
2018-036,CBAS/EAGLE,2018 Apr 14 2313:00,Atlas V 551,5,4000,4000,4000,0,0.0,1
2018-037,Blagovest 12L,2018 Apr 18 2212:00,Proton-M/Briz-M,1,4162,3162,3162,-1000,-24.0,0
2018-041,Apstar 6C,2018 May  3 1606:05,Chang Zheng 3B,1,5000,5000,5000,0,0.0,0
2018-044,Bangabadhu 1,2018 May 11 2014,Falcon 9,1,3700,3700,3700,0,0.0,1
2018-049,SES-12,2018 Jun  4 0445,Falcon 9,1,5384,5384,5384,0,0.0,1
2018-050,FY-2-09,2018 Jun  5 1307:04,Chang Zheng 3A,1,1440,651,1390,-50,-3.5,0
2018-059,Telstar 19V,2018 Jul 22 0550,Falcon 9,1,7075,7075,7075,0,0.0,1
2018-064,Telkom 4,2018 Aug  7 0518,Falcon 9,1,5800,5800,5800,0,0.0,1
2018-069,Telstar 18V,2018 Sep 10 0445,Falcon 9,1,7060,7060,7060,0,0.0,1
2018-074,Horizons-3e/Azerspace-2,2018 Sep 25 2238,Ariane 5ECA,2,10381,9941,9941,-440,-4.2,1
2018-079,AEHF 4,2018 Oct 17 0415,Atlas V 551,1,6200,6200,6200,0,0.0,1
2018-085,Beidou-3 G1Q,2018 Nov  1 1557:04,Chang Zheng 3B,1,3060,3060,3060,0,0.0,0
2018-089,GSAT-29,2018 Nov 14 1138,GSLV Mk III,1,3423,3423,3423,0,0.0,1
2018-090,Es'hail 2,2018 Nov 15 2046,Falcon 9,1,5300,5300,5300,0,0.0,1
2018-100,GSAT-11/GEO-Kompsat 2A,2018 Dec  4 2037:07,Ariane 5ECA,2,9802,9362,9362,-440,-4.5,1
2018-105,GSAT-7A,2018 Dec 19 1040,GSLV Mk II,1,2250,2250,2250,0,0.0,1
2018-107,Blagovest 13L,2018 Dec 21 0020:00,Proton-M/Briz-M,1,4162,3162,3162,-1000,-24.0,0
2018-110,TJS 3,2018 Dec 24 1653:04,Chang Zheng 3C,2,3200,3200,3200,0,0.0,0
2019-001,Shentou-2?,2019 Jan 10 1711:04,Chang Zheng 3B,1,5000,5000,5000,0,0.0,0
2019-007,SGS-1/GSAT-31,2019 Feb  5 2101:07,Ariane 5ECA,2,9471,9031,9031,-440,-4.6,1
2019-009,PSN 6/Beresheet,2019 Feb 22 0145,Falcon 9,3,5412,5382,5382,-30,-0.6,1
2019-012,ZX-6C,2019 Mar  9 1628:04,Chang Zheng 3B,1,5250,5250,5250,0,0.0,0
2019-014,WGS 10,2019 Mar 16 0026:00,"Delta 4M+(5,4)",1,6000,6000,6000,0,0.0,1
2019-017,Tianlian 2,2019 Mar 31 1551:04,Chang Zheng 3B,1,5000,5000,5000,0,0.0,0
2019-021,Arabsat 6A,2019 Apr 11 2235,Falcon Heavy,1,6465,6465,6465,0,0.0,1
2019-023,Beidou-3 I1Q,2019 Apr 20 1441:03,Chang Zheng 3B,1,3060,3060,3060,0,0.0,0
2019-027,Beidou-2 G8,2019 May 17 1548:05,Chang Zheng 3C,1,3060,3060,3060,0,0.0,0
2019-031,Yamal-601,2019 May 30 1742:00,Proton-M/Briz-M,1,4162,3162,3162,-1000,-24.0,0
2019-034,T-16/Eutelsat 7C,2019 Jun 20 2143,Ariane 5ECA,2,10170,9730,9730,-440,-4.3,1
2019-035,Beidou-3 I2Q,2019 Jun 24 1809,Chang Zheng 3B,1,3060,3060,3060,0,0.0,0
2019-042,Chandrayaan-2,2019 Jul 22 0913,LVM3,1,5348,2379,3850,-1498,-28.0,0
2019-048,Blagovest 14L,2019 Aug  5 2156:00,Proton-M/Briz-M,1,4162,3162,3162,-1000,-24.0,0
2019-049,EDRS-C/IS-39,2019 Aug  6 1930:07,Ariane 5ECA+,2,10226,9786,9786,-440,-4.3,1
2019-050,AMOS 17,2019 Aug  6 2323:00,Falcon 9,1,5500,5500,5500,0,0.0,1
2019-051,AEHF 5,2019 Aug  8 1013,Atlas V 551,2,6220,6220,6220,0,0.0,1
2019-053,Zhongxing-18,2019 Aug 19 1203,Chang Zheng 3B,1,5250,5250,5250,0,0.0,0
2019-067,MEV-1/Eutelsat-5WB,2019 Oct  9 1017:56,Proton-M/Briz-M,2,6190,5190,5190,-1000,-16.2,0
2019-070,TJS 4,2019 Oct 17 1521:04,Chang Zheng 3B,1,4000,4000,4000,0,0.0,0
2019-073,Beidou-3 I3Q,2019 Nov  4 1743:04,Chang Zheng 3B,1,3060,3060,3060,0,0.0,0
2019-080,TIBA-1/Inmarsat GX5,2019 Nov 26 2123,Ariane 5ECA,2,10047,9607,9607,-440,-4.4,1
2019-091,JCSAT-18-Kacific-1,2019 Dec 17 0010,Falcon 9,1,6800,6800,6800,0,0.0,1
2019-095,Elektro-L No. 3,2019 Dec 24 1203:02,Proton-M/DM-3,1,3265,2283,2283,-982,-30.1,0
2019-097,SJ-20,2019 Dec 27 1245,Chang Zheng 5,1,7600,7600,7600,0,0.0,0
2020-002,TJS 5,2020 Jan  7 1520,Chang Zheng 3B,1,4000,4000,4000,0,0.0,0
2020-005,Eutelsat Konnect/GSAT-30,2020 Jan 16 2105,Ariane 5ECA+,2,7416,6976,6976,-440,-5.9,1
2020-013,JCSAT-17/GEO-Kompsat 2B,2020 Feb 18 2218:07,Ariane 5ECA+,2,9676,9236,9236,-440,-4.5,1
2020-017,Beidou-3 G2,2020 Mar  9 1155,Chang Zheng 3B,1,3060,3060,3060,0,0.0,0
2020-022,AEHF 6,2020 Mar 26 2018:00,Atlas V 551,2,6220,6220,6220,0,0.0,1
2020-040,Beidou-3 G3,2020 Jun 23 0143:04,Chang Zheng 3B,1,3060,3060,3060,0,0.0,0
2020-045,Apstar 6D,2020 Jul  9 1211:04,Chang Zheng 3B,1,5000,5000,5000,0,0.0,0
2020-048,ANASIS-2,2020 Jul 20 2130,Falcon 9,1,5600,5600,5600,0,0.0,1
2020-053,Ekspress-80/103,2020 Jul 30 2125:19,Proton-M/Briz-M,2,5390,4390,4390,-1000,-18.6,0
2020-056,Galaxy 30/MEV2/BSAT-4b,2020 Aug 15 2204:00,Ariane 5ECA+,3,9594,9154,9154,-440,-4.6,1
2020-071,Gao Fen 13,2020 Oct 11 1657:04,Chang Zheng 3B,1,4600,4600,4600,0,0.0,0
2020-082,Tiantong-1 02,2020 Nov 12 1559,Chang Zheng 3B,1,5200,5200,5200,0,0.0,0
2020-089,Deta Chukei Eisei 1,2020 Nov 29 0725,H-IIA 202,1,3800,3800,3800,0,0.0,1
2020-095,ORION 10?,2020 Dec 11 0109,Delta 4H,1,5000,5000,5000,0,0.0,1
2020-096,SXM-7,2020 Dec 13 1730,Falcon 9,1,7000,7000,7000,0,0.0,1
2020-097,5A4PP?,2020 Dec 14 0550:00,Angara A5,1,5000,2400,4000,-1000,-20.0,0
2020-099,GSAT-12R,2020 Dec 17 1011,PSLV-XL,1,1410,1410,1410,0,0.0,1
2021-001,Turksat 5A,2021 Jan  8 0215,Falcon 9,1,3500,3500,3500,0,0.0,1
2021-003,Tiantong-1 03,2021 Jan 19 1625,Chang Zheng 3B,1,5200,5200,5200,0,0.0,0
2021-010,Huoyan 3?,2021 Feb  4 1536:04,Chang Zheng 3B,1,4000,4000,4000,0,0.0,0
2021-019,Shiyan 9,2021 Mar 11 1751:28,Chang Zheng 7A,1,5000,5000,5000,0,0.0,0
2021-042,SBIRS GEO-5,2021 May 18 1737,Atlas V 421,3,4560,4540,4540,-20,-0.4,1
2021-047,FY-4B,2021 Jun  2 1617,Chang Zheng 3B,1,5380,5380,5380,0,0.0,0
2021-049,SXM-8,2021 Jun  6 0426,Falcon 9,1,7000,7000,7000,0,0.0,1
2021-063,TL1-05,2021 Jul  6 1553,Chang Zheng 3C,1,2500,2500,2500,0,0.0,0
2021-069,Star One D2/Eutelsat Q,2021 Jul 30 2100,Ariane 5ECA+,2,10091,9651,9651,-440,-4.4,1
2021-071,Shentong 2-05,2021 Aug  5 1630:04,Chang Zheng 3B,1,5000,5000,5000,0,0.0,0
2021-077,TJS 7,2021 Aug 24 1541,Chang Zheng 3B,1,4000,4000,4000,0,0.0,0
2021-080,Zhongxing 9B,2021 Sep  9 1150,Chang Zheng 3B,1,5250,5250,5250,0,0.0,0
2021-094,Shi Jian 21,2021 Oct 24 0127,Chang Zheng 3B,2,5200,5200,5200,0,0.0,0
2021-095,SES-17/Syracuse 4A,2021 Oct 24 0210,Ariane 5ECA+,2,10703,10263,10263,-440,-4.1,1
2021-096,QZSS 1R,2021 Oct 26 0219:37,H-IIA 202,1,4020,4020,4020,0,0.0,1
2021-114,Fenghuo-2 04?,2021 Nov 26 1640:04,Chang Zheng 3B,1,5250,5250,5250,0,0.0,0
2021-118,STPSAT-6/LDPE-1,2021 Dec  7 1019,Atlas V 551,3,1525,1525,1525,0,0.0,1
2021-123,Ekpress-AMU3/AMU7,2021 Dec 13 1207:00,Proton-M/Briz-M,2,5130,4130,4130,-1000,-19.5,0
2021-124,TL2-02,2021 Dec 13 1609,Chang Zheng 3B,1,5000,5000,5000,0,0.0,0
2021-126,Turksat 5B,2021 Dec 19 0358:39,Falcon 9,1,4500,4500,4500,0,0.0,1
2021-128,Inmarsat 6F1,2021 Dec 22 1532,H-IIA 204,1,5470,5470,5470,0,0.0,1
2021-129,Shiyan 12 01/02,2021 Dec 23 1012,Chang Zheng 7A,2,6000,6000,6000,0,0.0,0
2021-133,-,2021 Dec 27 1900:00,Angara A5/Persei,1,20000,2400,20000,0,0.0,0
2021-135,TJS 9,2021 Dec 29 1643,Chang Zheng 3B,1,4000,4000,4000,0,0.0,0
2022-006,GSSAP 5/6,2022 Jan 21 1900:00,Atlas V 511,2,1000,1000,1000,0,0.0,1
2022-021,GOES T,2022 Mar  1 2138:00,Atlas V 541,1,5209,5209,5209,0,0.0,1
2022-038,ZX-6D,2022 Apr 15 1200,Chang Zheng 3B,1,5250,5250,5250,0,0.0,0
2022-061,Nilesat 301,2022 Jun  8 2104,Falcon 9,1,3938,3938,3938,0,0.0,1
2022-067,Measat 3D/GSAT-24,2022 Jun 22 2150:07,Ariane 5ECA+,2,10269,9829,9829,-440,-4.3,1
2022-071,SES-22,2022 Jun 29 2104,Falcon 9,1,3500,3500,3500,0,0.0,1
2022-073,WFOV,2022 Jul  1 2315:00,Atlas V 541,3,3700,3600,3600,-100,-2.7,1
2022-078,Tianlian 2-03,2022 Jul 12 1630,Chang Zheng 3B,1,5000,5000,5000,0,0.0,0
2022-092,SBIRS GEO-6,2022 Aug  4 1029:00,Atlas V 421,1,4500,4500,4500,0,0.0,1
2022-110,Eutelsat Konnect VHTS,2022 Sep  7 2145:07,Ariane 5ECA+,1,6500,6500,6500,0,0.0,1
2022-112,ZX-1E,2022 Sep 13 1318:47,Chang Zheng 7A,1,5000,5000,5000,0,0.0,0
2022-123,SES-20/SES-21,2022 Oct  4 2136:00,Atlas V 531,2,3267,3267,3267,0,0.0,1
2022-128,Galaxy 33/34,2022 Oct  8 2305,Falcon 9,2,7350,7350,7350,0,0.0,1
2022-131,Angosat-2,2022 Oct 12 1500,Proton-M/DM-3,1,3132,2150,2150,-982,-31.4,0
2022-134,Hot Bird 13F,2022 Oct 15 0522,Falcon 9,1,4476,4476,4476,0,0.0,1
2022-144,LDPE-2,2022 Nov  1 1341,Falcon Heavy,16,1443,2243,2243,800,55.4,1
2022-146,Hot Bird 13G,2022 Nov  3 0522,Falcon 9,1,4476,4476,4476,0,0.0,1
2022-153,Galaxy 31/32,2022 Nov 12 1606,Falcon 9,2,6600,6600,6600,0,0.0,1
2022-157,Eutelsat 10B,2022 Nov 23 0257,Falcon 9,1,4500,4500,4500,0,0.0,1
2022-170,Galaxy 35/36/MTG-I1,2022 Dec 13 2030:07,Ariane 5ECA+,3,10500,10060,10060,-440,-4.2,1
2023-002,Shi Jian 23,2023 Jan  8 2200,Chang Zheng 7A,1,5200,5000,5000,-200,-3.8,0
2023-008,CBAS-2/LDPE-3A,2023 Jan 15 2256,Falcon Heavy,2,3700,3700,3700,0,0.0,1
2023-016,Elektro-L No. 4,2023 Feb  5 0912:52,Proton-M/DM-3,1,2300,2283,2283,-17,-0.7,0
2023-017,Amazonas Nexus,2023 Feb  7 0132,Falcon 9,1,4500,4500,4500,0,0.0,1
2023-022,Inmarsat 6 F2,2023 Feb 18 0359,Falcon 9,1,5470,5470,5470,0,0.0,1
2023-023,ZX-26,2023 Feb 23 1149,Chang Zheng 3B,1,5250,5250,5250,0,0.0,0
2023-031,Olimp-K No. 13L,2023 Mar 12 2313:00,Proton-M/Briz-M,1,2930,1930,1930,-1000,-34.1,0
2023-036,Gao Fen 13-02,2023 Mar 17 0833,Chang Zheng 3B,1,4600,4600,4600,0,0.0,0
2023-038,SES-18/19,2023 Mar 17 2338:00?,Falcon 9,2,7255,7255,7255,0,0.0,1
2023-052,IS-40e,2023 Apr  7 0430:00,Falcon 9,1,6309,6013,6161,-148,-2.3,1
2023-060,Viasat-3.1/Arcturus,2023 May  1 0026,Falcon Heavy,3,6840,6840,6840,0,0.0,1
2023-066,Beidou-3 G4,2023 May 17 0249,Chang Zheng 3B,1,3060,3060,3060,0,0.0,0
2023-075,Arabsat 7B,2023 May 27 0430,Falcon 9,1,4500,4500,4500,0,0.0,1
2023-076,IRNSS-1J,2023 May 29 0512,GSLV Mk II,1,2232,2232,2232,0,0.0,1
2023-086,Satria,2023 Jun 18 2221,Falcon 9,1,4600,4600,4600,0,0.0,1
2023-089,ORION 11?,2023 Jun 22 0918:00,Delta 4H,1,5000,5000,5000,0,0.0,1
2023-093,Heinrich Hertz/Syracuse,2023 Jul  5 2200:07,Ariane 5ECA+,2,7420,6980,6980,-440,-5.9,1
2023-098,Chandrayaan-3,2023 Jul 14 0905:17,LVM3,2,3895,3869,3869,-26,-0.7,0
2023-108,Jupiter 3/Echostar 24,2023 Jul 29 0304,Falcon Heavy,1,9200,9200,9200,0,0.0,1
2023-112,Galaxy 37,2023 Aug  3 0500,Falcon 9,1,5000,5000,5000,0,0.0,1
2023-120,LSAR4-01,2023 Aug 12 1726,Chang Zheng 3B,1,3060,3060,3060,0,0.0,0
2023-132,Aditya-L1,2023 Sep  2 0620:00,PSLV-XL,1,1480,1480,1480,0,0.0,0
2023-140,SILENT BARKER,2023 Sep 10 1247:00,Atlas V 551,3,3600,3600,3600,0,0.0,1
2023-169,TJS-10,2023 Nov  3 1454,Chang Zheng 7A,1,5000,5000,5000,0,0.0,0
2023-172,Zhongxing 6E,2023 Nov  9 1123,Chang Zheng 3B,1,5250,5250,5250,0,0.0,0
2023-197,Yaogan 41,2023 Dec 15 1341,Chang Zheng 5,1,12000,12000,12000,0,0.0,0
2024-003,Ovzon-3,2024 Jan  3 2304,Falcon 9,1,1800,1800,1800,0,0.0,1
2024-033,INSAT-2DS,2024 Feb 17 1205,GSLV Mk II,1,2275,2275,2275,0,0.0,1
2024-035,HTS 113BT,2024 Feb 20 2011,Falcon 9,1,4000,4000,4000,0,0.0,1
2024-037,TJS 11,2024 Feb 23 1130,Chang Zheng 5,1,10000,10000,10000,0,0.0,0
2024-040,HWGGW 1,2024 Feb 29 1303,Chang Zheng 3B,1,4000,4000,4000,0,0.0,0
2024-059,EUTELSAT 36D,2024 Mar 30 2152:00,Falcon 9,1,5000,5000,5000,0,0.0,1
2024-067,ORION 12?,2024 Apr  9 1653,Delta 4H,1,5000,5000,5000,0,0.0,1
2024-069,GMM KA,2024 Apr 11 0900,Angara A5/Orion,3,20008,2414,20014,6,0.0,0
2024-104,Paksat-MM1,2024 May 30 1212,Chang Zheng 3B,1,5400,5400,5400,0,0.0,0
2024-115,Astra 1P,2024 Jun 20 2135,Falcon 9,1,5000,5000,5000,0,0.0,1
2024-119,GOES U,2024 Jun 25 2126,Falcon Heavy,1,5000,5000,5000,0,0.0,1
2024-122,Zhongxing-3A,2024 Jun 29 1157,Chang Zheng 7A,1,5000,5000,5000,0,0.0,0
2024-127,Turksat 6A,2024 Jul  8 2330,Falcon 9,1,4250,4250,4250,0,0.0,1
2024-134,USSF-51,2024 Jul 30 1045,Atlas V 551,7,5000,7300,7300,2300,46.0,1
2024-135,HWGGW 2,2024 Aug  1 1314,Chang Zheng 3B,1,4000,4000,4000,0,0.0,0
2024-151,Zhongxing-4A,2024 Aug 22 1225,Chang Zheng 7A,1,5000,5000,5000,0,0.0,0
2024-181,HWGGW 3,2024 Oct 10 1350,Chang Zheng 3B,1,4000,4000,4000,0,0.0,0
2024-198,DSN 3,2024 Nov  4 0648,H3-22S,1,5000,5000,5000,0,0.0,1
2024-206,Koreasat-6A,2024 Nov 11 1722,Falcon 9,1,3500,3500,3500,0,0.0,1
2024-212,Optus X,2024 Nov 17 2228,Falcon 9,1,4500,4000,4000,-500,-11.1,1
2024-214,GSAT-20,2024 Nov 18 1831,Falcon 9,1,4700,4700,4700,0,0.0,1
2024-233,PROBA-3,2024 Dec  5 1034,PSLV-XL,2,540,540,740,200,37.0,0
2024-234,SXM-9,2024 Dec  5 1610,Falcon 9,1,4500,7000,7000,2500,55.6,1
2024-246,TJS 12,2024 Dec 20 1512,Chang Zheng 3B,1,4000,5000,5000,1000,25.0,0
2024-252,Astranis,2024 Dec 29 0500:00,Falcon 9,4,1600,1600,1600,0,0.0,1
2025-001,Thuraya 4-NGS,2025 Jan  4 0127,Falcon 9,1,5000,5000,5000,0,0.0,1
2025-002,Shi Jian 25,2025 Jan  6 2000,Chang Zheng 3B,1,4000,5000,5000,1000,25.0,0
2025-017,TJS 14,2025 Jan 23 1532,Chang Zheng 3B,1,4000,5000,5000,1000,25.0,0
2025-020,IRNSS-1K?,2025 Jan 29 0053,GSLV Mk II,1,2232,2232,2232,0,0.0,0
2025-021,Spainsat NG-1,2025 Jan 30 0134,Falcon 9,1,6100,6100,6100,0,0.0,1
2025-023,QZS 6,2025 Feb  2 0830:00,H3-22S,1,4800,4900,4900,100,2.1,1
2025-036,ZX-10R,2025 Feb 22 1211,Chang Zheng 3B,1,5300,5250,5250,-50,-0.9,0
2025-045,TJS 15,2025 Mar  9 1717,Chang Zheng 3B,1,5000,5000,5000,0,0.0,0
2025-062,Tianlian 2-04,2025 Mar 26 1555,Chang Zheng 3B,1,5000,5000,5000,0,0.0,0
2025-064,TJS 16,2025 Mar 29 1605,Chang Zheng 7A,1,5000,5000,5000,0,0.0,0
2025-073,TJS 17,2025 Apr 10 1647,Chang Zheng 3B,1,5000,5000,5000,0,0.0,0
2025-084,Tianlian 2-05,2025 Apr 27 1554,Chang Zheng 3B,1,5000,5000,5000,0,0.0,0
2025-097,TJS 19,2025 May 12 1809,Chang Zheng 3C,1,3000,3000,3000,0,0.0,0
2025-106,ZX-3B,2025 May 20 1150,Chang Zheng 7A,1,5000,5000,5000,0,0.0,0
2025-115,SJ-26,2025 May 29 0412,Chang Zheng 4B,1,1500,1500,1500,0,0.0,0
2025-122,SXM-10,2025 Jun  7 0454,Falcon 9,1,6400,6400,6400,0,0.0,1
2025-131,14F166A No. 1,2025 Jun 19 0301:20?,Angara A5,2,3000,3400,3400,400,13.3,0
2025-132,ZX 9C,2025 Jun 20 1237,Chang Zheng 3B,1,5500,5500,5500,0,0.0,0
2025-148,Dror-1,2025 Jul 13 0504,Falcon 9,1,4500,4500,4500,0,0.0,1
2025-173,NTS-3,2025 Aug 13 0056,Vulcan Centaur VC4S,3,2000,1850,1850,-150,-7.5,1
2025-196,SY29,2025 Sep  5 0234,Chang Zheng 3C/YZ-1,1,4000,1150,1150,-2850,-71.2,0
2025-205,Nusantara Lima,2025 Sep 12 0156,Falcon 9,1,5500,7800,7800,2300,41.8,1
2025-238,TJS 20,2025 Oct 23 1430,Chang Zheng 5,1,10000,10000,10000,0,0.0,0
2025-239,Spainsat NG-II,2025 Oct 24 0130:00,Falcon 9,1,6100,6100,6100,0,0.0,1
2025-249,GSAT-7R,2025 Nov  2 1156,LVM3,1,4400,4400,4400,0,0.0,1
2025-250,Yaogan 46,2025 Nov  3 0347,Chang Zheng 7A,1,5000,4000,5000,0,0.0,0
2025-261,Viasat-3 F2,2025 Nov 14 0304,Atlas V 551,1,6400,6400,6400,0,0.0,1
2025-269,TJS 21,2025 Nov 21 1055,Chang Zheng 3B,1,4000,4000,4000,0,0.0,0
2025-277,Shijian 28,2025 Nov 30 1220,Chang Zheng 7A,1,5000,4000,5000,0,0.0,0
2025-290,TJS 22,2025 Dec  9 1508,Chang Zheng 3B,1,4000,5000,5000,1000,25.0,0
2025-306,TJS 23,2025 Dec 20 1230,Chang Zheng 5,1,10000,10000,10000,0,0.0,0
2025-311,WHDW 17,2025 Dec 25 2326,Chang Zheng 8A,9,5000,6300,6300,1300,26.0,0
2025-312,FY4-03,2025 Dec 26 1607,Chang Zheng 3B,1,5380,5380,5380,0,0.0,0
2025-315,Shijian 29A/B,2025 Dec 30 2240:07,Chang Zheng 7A,2,5000,7000,7000,2000,40.0,0
